"Wheel Simulators (Rim Liners,Hubcaps,Wheel Covers)","Universal (Universal Wheel Simulators,Universal Rim Liners,Universal Hubcaps,Universal Wheel Covers)","10"" Universal (10"" Universal Wheel Simulators,10"" Universal Rim Liners,10"" Universal Hubcaps,10"" Universal Wheel Covers)",
"Wheel Simulators (Rim Liners,Hubcaps,Wheel Covers)","Universal (Universal Wheel Simulators,Universal Rim Liners,Universal Hubcaps,Universal Wheel Covers)","17.5"" Universal (17.5"" Universal Wheel Simulators,17.5"" Universal Rim Liners,17.5"" Universal Hubcaps,17.5"" Universal Wheel Covers)",
"Wheel Simulators (Rim Liners,Hubcaps,Wheel Covers)","Universal (Universal Wheel Simulators,Universal Rim Liners,Universal Hubcaps,Universal Wheel Covers)","22.5"" Universal (22.5"" Universal Wheel Simulators,22.5"" Universal Rim Liners,22.5"" Universal Hubcaps,22.5"" Universal Wheel Covers)",
"Wheel Simulators (Rim Liners,Hubcaps,Wheel Covers)",By Brand & Model,"Ford (Ford Wheel Simulators,Ford Rim Liners,Ford Hubcaps,Ford Wheel Covers)","F350 (Ford F350 Wheel Simulators,Ford F350 Rim Liners,Ford F350 Hubcaps,Ford F350 Wheel Covers)"
"Wheel Simulators (Rim Liners,Hubcaps,Wheel Covers)",By Brand & Model,"Ford (Ford Wheel Simulators,Ford Rim Liners,Ford Hubcaps,Ford Wheel Covers)","F450 (Ford F450 Wheel Simulators,Ford F450 Rim Liners,Ford F450 Hubcaps,Ford F450 Wheel Covers)"
"Wheel Simulators (Rim Liners,Hubcaps,Wheel Covers)",By Brand & Model,"Ford (Ford Wheel Simulators,Ford Rim Liners,Ford Hubcaps,Ford Wheel Covers)","F550 (Ford F550 Wheel Simulators,Ford F550 Rim Liners,Ford F550 Hubcaps,Ford F550 Wheel Covers)"
"Wheel Simulators (Rim Liners,Hubcaps,Wheel Covers)",By Brand & Model,"Ford (Ford Wheel Simulators,Ford Rim Liners,Ford Hubcaps,Ford Wheel Covers)","F600 (Ford F600 Wheel Simulators,Ford F600 Rim Liners,Ford F600 Hubcaps,Ford F600 Wheel Covers)"
"Wheel Simulators (Rim Liners,Hubcaps,Wheel Covers)",By Brand & Model,"Ford (Ford Wheel Simulators,Ford Rim Liners,Ford Hubcaps,Ford Wheel Covers)","F650 (Ford F650 Wheel Simulators,Ford F650 Rim Liners,Ford F650 Hubcaps,Ford F650 Wheel Covers)"
"Wheel Simulators (Rim Liners,Hubcaps,Wheel Covers)",By Brand & Model,"Ford (Ford Wheel Simulators,Ford Rim Liners,Ford Hubcaps,Ford Wheel Covers)","F750 (Ford F750 Wheel Simulators,Ford F750 Rim Liners,Ford F750 Hubcaps,Ford F750 Wheel Covers)"
"Wheel Simulators (Rim Liners,Hubcaps,Wheel Covers)",By Brand & Model,"Ford (Ford Wheel Simulators,Ford Rim Liners,Ford Hubcaps,Ford Wheel Covers)","F800 (Ford F800 Wheel Simulators,Ford F800 Rim Liners,Ford F800 Hubcaps,Ford F800 Wheel Covers)"
"Wheel Simulators (Rim Liners,Hubcaps,Wheel Covers)",By Brand & Model,"Ford (Ford Wheel Simulators,Ford Rim Liners,Ford Hubcaps,Ford Wheel Covers)","Ford Transit (Ford Transit Wheel Simulators,Ford Transit Rim Liners,Ford Transit Hubcaps,Ford Transit Wheel Covers)"
"Wheel Simulators (Rim Liners,Hubcaps,Wheel Covers)",By Brand & Model,"Ford (Ford Wheel Simulators,Ford Rim Liners,Ford Hubcaps,Ford Wheel Covers)","Ford Micro Bus (Ford Micro Bus Wheel Simulators,Ford Micro Bus Rim Liners,Ford Micro Bus Hubcaps,Ford Micro Bus Wheel Covers)"
"Wheel Simulators (Rim Liners,Hubcaps,Wheel Covers)",By Brand & Model,"Ford (Ford Wheel Simulators,Ford Rim Liners,Ford Hubcaps,Ford Wheel Covers)","Ford RV Motorhome (Ford RV Motorhome Wheel Simulators,Ford RV Motorhome Rim Liners,Ford RV Motorhome Hubcaps,Ford RV Motorhome Wheel Covers)"
"Wheel Simulators (Rim Liners,Hubcaps,Wheel Covers)",By Brand & Model,"Ford (Ford Wheel Simulators,Ford Rim Liners,Ford Hubcaps,Ford Wheel Covers)","F53 RV (Ford F53 RV Wheel Simulators,Ford F53 RV Rim Liners,Ford F53 RV Hubcaps,Ford F53 RV Wheel Covers)"
"Wheel Simulators (Rim Liners,Hubcaps,Wheel Covers)",By Brand & Model,"Ford (Ford Wheel Simulators,Ford Rim Liners,Ford Hubcaps,Ford Wheel Covers)","F53 Motorhome (Ford F53 Motorhome Wheel Simulators,Ford F53 Motorhome Rim Liners,Ford F53 Motorhome Hubcaps,Ford F53 Motorhome Wheel Covers)"
"Wheel Simulators (Rim Liners,Hubcaps,Wheel Covers)",By Brand & Model,"Ford (Ford Wheel Simulators,Ford Rim Liners,Ford Hubcaps,Ford Wheel Covers)","CF8000 (Ford CF8000 Wheel Simulators,Ford CF8000 Rim Liners,Ford CF8000 Hubcaps,Ford CF8000 Wheel Covers)"
"Wheel Simulators (Rim Liners,Hubcaps,Wheel Covers)",By Brand & Model,"Ford (Ford Wheel Simulators,Ford Rim Liners,Ford Hubcaps,Ford Wheel Covers)","LCF (Ford LCF Wheel Simulators,Ford LCF Rim Liners,Ford LCF Hubcaps,Ford LCF Wheel Covers)"
"Wheel Simulators (Rim Liners,Hubcaps,Wheel Covers)",By Brand & Model,"Ford (Ford Wheel Simulators,Ford Rim Liners,Ford Hubcaps,Ford Wheel Covers)","L7000 (Ford L7000 Wheel Simulators,Ford L7000 Rim Liners,Ford L7000 Hubcaps,Ford L7000 Wheel Covers)"
"Wheel Simulators (Rim Liners,Hubcaps,Wheel Covers)",By Brand & Model,"Ford (Ford Wheel Simulators,Ford Rim Liners,Ford Hubcaps,Ford Wheel Covers)","L8000 (Ford L8000 Wheel Simulators,Ford L8000 Rim Liners,Ford L8000 Hubcaps,Ford L8000 Wheel Covers)"
"Wheel Simulators (Rim Liners,Hubcaps,Wheel Covers)",By Brand & Model,"Chevrolet (Chevy Wheel Simulators,Chevy Rim Liners,Chevy Hubcaps,Chevy Wheel Covers)","Silverado (Chevrolet Silverado Wheel Simulators,Chevrolet Silverado Rim Liners,Chevrolet Silverado Hubcaps,Chevrolet Silverado Wheel Covers)"
"Wheel Simulators (Rim Liners,Hubcaps,Wheel Covers)",By Brand & Model,"Chevrolet (Chevy Wheel Simulators,Chevy Rim Liners,Chevy Hubcaps,Chevy Wheel Covers)","G3500 (Chevrolet G3500 Wheel Simulators,Chevrolet G3500 Rim Liners,Chevrolet G3500 Hubcaps,Chevrolet G3500 Wheel Covers)"
"Wheel Simulators (Rim Liners,Hubcaps,Wheel Covers)",By Brand & Model,"Chevrolet (Chevy Wheel Simulators,Chevy Rim Liners,Chevy Hubcaps,Chevy Wheel Covers)","G4500 (Chevrolet G4500 Wheel Simulators,Chevrolet G4500 Rim Liners,Chevrolet G4500 Hubcaps,Chevrolet G4500 Wheel Covers)"
"Wheel Simulators (Rim Liners,Hubcaps,Wheel Covers)",By Brand & Model,"Chevrolet (Chevy Wheel Simulators,Chevy Rim Liners,Chevy Hubcaps,Chevy Wheel Covers)","LCF (Chevrolet LCF Wheel Simulators,Chevrolet LCF Rim Liners,Chevrolet LCF Hubcaps,Chevrolet LCF Wheel Covers)"
"Wheel Simulators (Rim Liners,Hubcaps,Wheel Covers)",By Brand & Model,"Chevrolet (Chevy Wheel Simulators,Chevy Rim Liners,Chevy Hubcaps,Chevy Wheel Covers)","Kodiak C4500 (Chevrolet Kodiak C4500 Wheel Simulators,Chevrolet Kodiak C4500 Rim Liners,Chevrolet Kodiak C4500 Hubcaps,Chevrolet Kodiak C4500 Wheel Covers)"
"Wheel Simulators (Rim Liners,Hubcaps,Wheel Covers)",By Brand & Model,"Chevrolet (Chevy Wheel Simulators,Chevy Rim Liners,Chevy Hubcaps,Chevy Wheel Covers)","Kodiak C5500 (Chevrolet Kodiak C5500 Wheel Simulators,Chevrolet Kodiak C5500 Rim Liners,Chevrolet Kodiak C5500 Hubcaps,Chevrolet Kodiak C5500 Wheel Covers)"
"Wheel Simulators (Rim Liners,Hubcaps,Wheel Covers)",By Brand & Model,"Chevrolet (Chevy Wheel Simulators,Chevy Rim Liners,Chevy Hubcaps,Chevy Wheel Covers)","Kodiak C6500 (Chevrolet Kodiak C6500 Wheel Simulators,Chevrolet Kodiak C6500 Rim Liners,Chevrolet Kodiak C6500 Hubcaps,Chevrolet Kodiak C6500 Wheel Covers)"
"Wheel Simulators (Rim Liners,Hubcaps,Wheel Covers)",By Brand & Model,"GMC (GMC Wheel Simulators,GMC Rim Liners,GMC Hubcaps,GMC Wheel Covers)","Savana (GMC Savana Wheel Simulators,GMC Savana Rim Liners,GMC Savana Hubcaps,GMC Savana Wheel Covers)"
"Wheel Simulators (Rim Liners,Hubcaps,Wheel Covers)",By Brand & Model,"GMC (GMC Wheel Simulators,GMC Rim Liners,GMC Hubcaps,GMC Wheel Covers)","Topkick C4500 (GMC Topkick C4500 Wheel Simulators,GMC Topkick C4500 Rim Liners,GMC Topkick C4500 Hubcaps,GMC Topkick C4500 Wheel Covers)"
"Wheel Simulators (Rim Liners,Hubcaps,Wheel Covers)",By Brand & Model,"GMC (GMC Wheel Simulators,GMC Rim Liners,GMC Hubcaps,GMC Wheel Covers)","Topkick C5500 (GMC Topkick C5500 Wheel Simulators,GMC Topkick C5500 Rim Liners,GMC Topkick C5500 Hubcaps,GMC Topkick C5500 Wheel Covers)"
"Wheel Simulators (Rim Liners,Hubcaps,Wheel Covers)",By Brand & Model,"GMC (GMC Wheel Simulators,GMC Rim Liners,GMC Hubcaps,GMC Wheel Covers)","Topkick C6500 (GMC Topkick C6500 Wheel Simulators,GMC Topkick C6500 Rim Liners,GMC Topkick C6500 Hubcaps,GMC Topkick C6500 Wheel Covers)"
"Wheel Simulators (Rim Liners,Hubcaps,Wheel Covers)",By Brand & Model,"GMC (GMC Wheel Simulators,GMC Rim Liners,GMC Hubcaps,GMC Wheel Covers)","3500HD (GMC 3500HD Wheel Simulators,GMC 3500HD Rim Liners,GMC 3500HD Hubcaps,GMC 3500HD Wheel Covers)"
"Wheel Simulators (Rim Liners,Hubcaps,Wheel Covers)",By Brand & Model,"GMC (GMC Wheel Simulators,GMC Rim Liners,GMC Hubcaps,GMC Wheel Covers)","3500HD P30 (GMC 3500HD P30 Wheel Simulators,GMC 3500HD P30 Rim Liners,GMC 3500HD P30 Hubcaps,GMC 3500HD P30 Wheel Covers)"
"Wheel Simulators (Rim Liners,Hubcaps,Wheel Covers)",By Brand & Model,"GMC (GMC Wheel Simulators,GMC Rim Liners,GMC Hubcaps,GMC Wheel Covers)","4500 (GMC 4500 Wheel Simulators,GMC 4500 Rim Liners,GMC 4500 Hubcaps,GMC 4500 Wheel Covers)"
"Wheel Simulators (Rim Liners,Hubcaps,Wheel Covers)",By Brand & Model,"GMC (GMC Wheel Simulators,GMC Rim Liners,GMC Hubcaps,GMC Wheel Covers)","W4500 (GMC W4500 Wheel Simulators,GMC W4500 Rim Liners,GMC W4500 Hubcaps,GMC W4500 Wheel Covers)"
"Wheel Simulators (Rim Liners,Hubcaps,Wheel Covers)",By Brand & Model,"GMC (GMC Wheel Simulators,GMC Rim Liners,GMC Hubcaps,GMC Wheel Covers)","W5500 (GMC W5500 Wheel Simulators,GMC W5500 Rim Liners,GMC W5500 Hubcaps,GMC W5500 Wheel Covers)"
"Wheel Simulators (Rim Liners,Hubcaps,Wheel Covers)",By Brand & Model,"GMC (GMC Wheel Simulators,GMC Rim Liners,GMC Hubcaps,GMC Wheel Covers)","C4500 (GMC C4500 Wheel Simulators,GMC C4500 Rim Liners,GMC C4500 Hubcaps,GMC C4500 Wheel Covers)"
"Wheel Simulators (Rim Liners,Hubcaps,Wheel Covers)",By Brand & Model,"GMC (GMC Wheel Simulators,GMC Rim Liners,GMC Hubcaps,GMC Wheel Covers)","C6500 (GMC C6500 Wheel Simulators,GMC C6500 Rim Liners,GMC C6500 Hubcaps,GMC C6500 Wheel Covers)"
"Wheel Simulators (Rim Liners,Hubcaps,Wheel Covers)",By Brand & Model,"GMC (GMC Wheel Simulators,GMC Rim Liners,GMC Hubcaps,GMC Wheel Covers)","C7500 (GMC C7500 Wheel Simulators,GMC C7500 Rim Liners,GMC C7500 Hubcaps,GMC C7500 Wheel Covers)"
"Wheel Simulators (Rim Liners,Hubcaps,Wheel Covers)",By Brand & Model,"GMC (GMC Wheel Simulators,GMC Rim Liners,GMC Hubcaps,GMC Wheel Covers)","C8500 (GMC C8500 Wheel Simulators,GMC C8500 Rim Liners,GMC C8500 Hubcaps,GMC C8500 Wheel Covers)"
"Wheel Simulators (Rim Liners,Hubcaps,Wheel Covers)",By Brand & Model,"GMC (GMC Wheel Simulators,GMC Rim Liners,GMC Hubcaps,GMC Wheel Covers)","T6500 (GMC T6500 Wheel Simulators,GMC T6500 Rim Liners,GMC T6500 Hubcaps,GMC T6500 Wheel Covers)"
"Wheel Simulators (Rim Liners,Hubcaps,Wheel Covers)",By Brand & Model,"GMC (GMC Wheel Simulators,GMC Rim Liners,GMC Hubcaps,GMC Wheel Covers)","T7500 (GMC T7500 Wheel Simulators,GMC T7500 Rim Liners,GMC T7500 Hubcaps,GMC T7500 Wheel Covers)"
"Wheel Simulators (Rim Liners,Hubcaps,Wheel Covers)",By Brand & Model,"GMC (GMC Wheel Simulators,GMC Rim Liners,GMC Hubcaps,GMC Wheel Covers)","T8500 (GMC T8500 Wheel Simulators,GMC T8500 Rim Liners,GMC T8500 Hubcaps,GMC T8500 Wheel Covers)"
"Wheel Simulators (Rim Liners,Hubcaps,Wheel Covers)",By Brand & Model,"GMC (GMC Wheel Simulators,GMC Rim Liners,GMC Hubcaps,GMC Wheel Covers)","P30 Workhorse (GMC P30 Workhorse Wheel Simulators,GMC P30 Workhorse Rim Liners,GMC P30 Workhorse Hubcaps,GMC P30 Workhorse Wheel Covers)"
"Wheel Simulators (Rim Liners,Hubcaps,Wheel Covers)",By Brand & Model,"GMC (GMC Wheel Simulators,GMC Rim Liners,GMC Hubcaps,GMC Wheel Covers)","P32 Workhorse (GMC P32 Workhorse Wheel Simulators,GMC P32 Workhorse Rim Liners,GMC P32 Workhorse Hubcaps,GMC P32 Workhorse Wheel Covers)"
"Wheel Simulators (Rim Liners,Hubcaps,Wheel Covers)",By Brand & Model,"GMC (GMC Wheel Simulators,GMC Rim Liners,GMC Hubcaps,GMC Wheel Covers)","P42 Workhorse (GMC P42 Workhorse Wheel Simulators,GMC P42 Workhorse Rim Liners,GMC P42 Workhorse Hubcaps,GMC P42 Workhorse Wheel Covers)"
"Wheel Simulators (Rim Liners,Hubcaps,Wheel Covers)",By Brand & Model,"Dodge (Dodge Wheel Simulators,Dodge Rim Liners,Dodge Hubcaps,Dodge Wheel Covers)","Ram 3500 (Dodge Ram 3500 Wheel Simulators,Dodge Ram 3500 Rim Liners,Dodge Ram 3500 Hubcaps,Dodge Ram 3500 Wheel Covers)"
"Wheel Simulators (Rim Liners,Hubcaps,Wheel Covers)",By Brand & Model,"Dodge (Dodge Wheel Simulators,Dodge Rim Liners,Dodge Hubcaps,Dodge Wheel Covers)","Ram 4500 (Dodge Ram 4500 Wheel Simulators,Dodge Ram 4500 Rim Liners,Dodge Ram 4500 Hubcaps,Dodge Ram 4500 Wheel Covers)"
"Wheel Simulators (Rim Liners,Hubcaps,Wheel Covers)",By Brand & Model,"Dodge (Dodge Wheel Simulators,Dodge Rim Liners,Dodge Hubcaps,Dodge Wheel Covers)","Ram 5500 (Dodge Ram 5500 Wheel Simulators,Dodge Ram 5500 Rim Liners,Dodge Ram 5500 Hubcaps,Dodge Ram 5500 Wheel Covers)"
"Wheel Simulators (Rim Liners,Hubcaps,Wheel Covers)",By Brand & Model,"Dodge (Dodge Wheel Simulators,Dodge Rim Liners,Dodge Hubcaps,Dodge Wheel Covers)","Dodge RV Sprinter Wheel Simulators (Dodge RV Sprinter Rim Liners,Dodge RV Sprinter Hubcaps,Dodge RV Sprinter Wheel Covers)"
"Wheel Simulators (Rim Liners,Hubcaps,Wheel Covers)",By Brand & Model,"Dodge (Dodge Wheel Simulators,Dodge Rim Liners,Dodge Hubcaps,Dodge Wheel Covers)","Ram RV Sprinter Wheel Simulators (Ram RV Sprinter Rim Liners,Ram RV Sprinter Hubcaps,Ram RV Sprinter Wheel Covers)"
"Wheel Simulators (Rim Liners,Hubcaps,Wheel Covers)",By Brand & Model,"Dodge (Dodge Wheel Simulators,Dodge Rim Liners,Dodge Hubcaps,Dodge Wheel Covers)","Dodge Truck Wheel Simulators (Dodge Truck Rim Liners,Dodge Truck Hubcaps,Dodge Truck heel Covers)"
"Wheel Simulators (Rim Liners,Hubcaps,Wheel Covers)",By Brand & Model,"Dodge (Dodge Wheel Simulators,Dodge Rim Liners,Dodge Hubcaps,Dodge Wheel Covers)","Ram Truck Wheel Simulators (Ram Truck Rim Liners,Ram Truck Hubcaps,Ram Truck Wheel Covers)"
"Wheel Simulators (Rim Liners,Hubcaps,Wheel Covers)",By Brand & Model,"Dodge (Dodge Wheel Simulators,Dodge Rim Liners,Dodge Hubcaps,Dodge Wheel Covers)","Dodge Sprinter Wheel Simulators (Dodge Sprinter Rim Liners,Dodge Sprinter Hubcaps,Dodge Sprinter Wheel Covers)"
"Wheel Simulators (Rim Liners,Hubcaps,Wheel Covers)",By Brand & Model,"Dodge (Dodge Wheel Simulators,Dodge Rim Liners,Dodge Hubcaps,Dodge Wheel Covers)","Ram Sprinter Wheel Simulators (Ram Sprinter Rim Liners,Ram Sprinter Hubcaps,Ram Sprinter Wheel Covers)"
"Wheel Simulators (Rim Liners,Hubcaps,Wheel Covers)",By Brand & Model,"Freightliner (Freightliner Wheel Simulators,Freightliner Rim Liners,Freightliner Hubcaps,Freightliner Wheel Covers)","Sprinter (Freightliner Wheel Simulators,Freightliner Rim Liners,Freightliner Hubcaps,Freightliner Wheel Covers)"
"Wheel Simulators (Rim Liners,Hubcaps,Wheel Covers)",By Brand & Model,"Freightliner (Freightliner Wheel Simulators,Freightliner Rim Liners,Freightliner Hubcaps,Freightliner Wheel Covers)","Cascadia (Freightliner Wheel Simulators,Freightliner Rim Liners,Freightliner Hubcaps,Freightliner Wheel Covers)"
"Wheel Simulators (Rim Liners,Hubcaps,Wheel Covers)",By Brand & Model,"Freightliner (Freightliner Wheel Simulators,Freightliner Rim Liners,Freightliner Hubcaps,Freightliner Wheel Covers)","Universal Style MT-35 (Freightliner MT-35 Wheel Simulators,Freightliner MT-35 Rim Liners,Freightliner MT-35 Hubcaps,Freightliner MT-35 Wheel Covers)"
"Wheel Simulators (Rim Liners,Hubcaps,Wheel Covers)",By Brand & Model,"Freightliner (Freightliner Wheel Simulators,Freightliner Rim Liners,Freightliner Hubcaps,Freightliner Wheel Covers)","Universal Style MT-45 (Freightliner MT-45 Wheel Simulators,Freightliner MT-45 Rim Liners,Freightliner MT-45 Hubcaps,Freightliner MT-45 Wheel Covers)"
"Wheel Simulators (Rim Liners,Hubcaps,Wheel Covers)",By Brand & Model,"Freightliner (Freightliner Wheel Simulators,Freightliner Rim Liners,Freightliner Hubcaps,Freightliner Wheel Covers)","Universal Style MT-55 (Freightliner MT-55 Wheel Simulators,Freightliner MT-55 Rim Liners,Freightliner MT-55 Hubcaps,Freightliner MT-55 Wheel Covers)"
"Wheel Simulators (Rim Liners,Hubcaps,Wheel Covers)",By Brand & Model,"Freightliner (Freightliner Wheel Simulators,Freightliner Rim Liners,Freightliner Hubcaps,Freightliner Wheel Covers)","FLD (Freightliner FLD Wheel Simulators,Freightliner FLD Rim Liners,Freightliner FLD Hubcaps,Freightliner FLD Wheel Covers)"
"Wheel Simulators (Rim Liners,Hubcaps,Wheel Covers)",By Brand & Model,"Freightliner (Freightliner Wheel Simulators,Freightliner Rim Liners,Freightliner Hubcaps,Freightliner Wheel Covers)","M2 (Freightliner M2 Wheel Simulators,Freightliner M2 Rim Liners,Freightliner M2 Hubcaps,Freightliner M2 Wheel Covers)"
"Wheel Simulators (Rim Liners,Hubcaps,Wheel Covers)",By Brand & Model,"Freightliner (Freightliner Wheel Simulators,Freightliner Rim Liners,Freightliner Hubcaps,Freightliner Wheel Covers)","FL50 (Freightliner FL50 Wheel Simulators,Freightliner FL50 Rim Liners,Freightliner FL50 Hubcaps,Freightliner FL50 Wheel Covers)"
"Wheel Simulators (Rim Liners,Hubcaps,Wheel Covers)",By Brand & Model,"Freightliner (Freightliner Wheel Simulators,Freightliner Rim Liners,Freightliner Hubcaps,Freightliner Wheel Covers)","FL60 (Freightliner FL60 Wheel Simulators,Freightliner FL60 Rim Liners,Freightliner FL60 Hubcaps,Freightliner FL60 Wheel Covers)"
"Wheel Simulators (Rim Liners,Hubcaps,Wheel Covers)",By Brand & Model,"Freightliner (Freightliner Wheel Simulators,Freightliner Rim Liners,Freightliner Hubcaps,Freightliner Wheel Covers)","FL70 (Freightliner FL70 Wheel Simulators,Freightliner FL70 Rim Liners,Freightliner FL70 Hubcaps,Freightliner FL70 Wheel Covers)"
"Wheel Simulators (Rim Liners,Hubcaps,Wheel Covers)",By Brand & Model,"Freightliner (Freightliner Wheel Simulators,Freightliner Rim Liners,Freightliner Hubcaps,Freightliner Wheel Covers)","FL80 (Freightliner FL80 Wheel Simulators,Freightliner FL80 Rim Liners,Freightliner FL80 Hubcaps,Freightliner FL80 Wheel Covers)"
"Wheel Simulators (Rim Liners,Hubcaps,Wheel Covers)",By Brand & Model,"Freightliner (Freightliner Wheel Simulators,Freightliner Rim Liners,Freightliner Hubcaps,Freightliner Wheel Covers)","MT55 (Freightliner MT55 Wheel Simulators,Freightliner MT55 Rim Liners,Freightliner MT55 Hubcaps,Freightliner MT55 Wheel Covers)"
"Wheel Simulators (Rim Liners,Hubcaps,Wheel Covers)",By Brand & Model,"Freightliner (Freightliner Wheel Simulators,Freightliner Rim Liners,Freightliner Hubcaps,Freightliner Wheel Covers)","W700 (Freightliner W700 Wheel Simulators,Freightliner W700 Rim Liners,Freightliner W700 Hubcaps,Freightliner W700 Wheel Covers)"
"Wheel Simulators (Rim Liners,Hubcaps,Wheel Covers)",By Brand & Model,"Hino (Hino Wheel Simulators,Hino Rim Liners,Hino Hubcaps,Hino Wheel Covers)","Hino Truck Wheel Simulators (Hino Truck Rim Liners,Hino Truck Hubcaps,Hino Truck Wheel Covers)"
"Wheel Simulators (Rim Liners,Hubcaps,Wheel Covers)",By Brand & Model,"Hino (Hino Wheel Simulators,Hino Rim Liners,Hino Hubcaps,Hino Wheel Covers)","195DC (Hino 195DC Wheel Simulators,Hino 195DC Rim Liners,Hino 195DC Hubcaps,Hino 195DC Wheel Covers)"
"Wheel Simulators (Rim Liners,Hubcaps,Wheel Covers)",By Brand & Model,"Hino (Hino Wheel Simulators,Hino Rim Liners,Hino Hubcaps,Hino Wheel Covers)","195H (Hino 195H Wheel Simulators,Hino 195H Rim Liners,Hino 195H Hubcaps,Hino 195H Wheel Covers)"
"Wheel Simulators (Rim Liners,Hubcaps,Wheel Covers)",By Brand & Model,"Hino (Hino Wheel Simulators,Hino Rim Liners,Hino Hubcaps,Hino Wheel Covers)","258ALP (Hino 258ALP Wheel Simulators,Hino 258ALP Rim Liners,Hino 258ALP Hubcaps,Hino 258ALP Wheel Covers)"
"Wheel Simulators (Rim Liners,Hubcaps,Wheel Covers)",By Brand & Model,"Hino (Hino Wheel Simulators,Hino Rim Liners,Hino Hubcaps,Hino Wheel Covers)","258LP (Hino 258LP Wheel Simulators,Hino 258LP Rim Liners,Hino 258LP Hubcaps,Hino 258LP Wheel Covers)"
"Wheel Simulators (Rim Liners,Hubcaps,Wheel Covers)",By Brand & Model,"International (International Wheel Simulators,International Rim Liners,International Hubcaps,International Wheel Covers)","CV Series Wheel Simulators (International CV Series Rim Liners,International CV Series Hubcaps,International CV Series Wheel Covers)"
"Wheel Simulators (Rim Liners,Hubcaps,Wheel Covers)",By Brand & Model,"International (International Wheel Simulators,International Rim Liners,International Hubcaps,International Wheel Covers)","MV Series Wheel Simulators (International MV Series Rim Liners,International MV Series Hubcaps,International MV Series Wheel Covers)"
"Wheel Simulators (Rim Liners,Hubcaps,Wheel Covers)",By Brand & Model,"International (International Wheel Simulators,International Rim Liners,International Hubcaps,International Wheel Covers)","International Truck Wheel Simulators (International Truck Rim Liners,International Truck Hubcaps,International Truck Wheel Covers)"
"Wheel Simulators (Rim Liners,Hubcaps,Wheel Covers)",By Brand & Model,"Isuzu (Isuzu Wheel Simulators,Isuzu Rim Liners,Isuzu Hubcaps,Isuzu Wheel Covers)","Isuzu Truck Wheel Simulators (Isuzu Truck Rim Liners,Isuzu Truck Hubcaps,Isuzu Truck Wheel Covers)"
"Wheel Simulators (Rim Liners,Hubcaps,Wheel Covers)",By Brand & Model,"Isuzu (Isuzu Wheel Simulators,Isuzu Rim Liners,Isuzu Hubcaps,Isuzu Wheel Covers)","Reach (Isuzu Reach Wheel Simulators,Isuzu Reach Rim Liners,Isuzu Reach Hubcaps,Isuzu Reach Wheel Covers)"
"Wheel Simulators (Rim Liners,Hubcaps,Wheel Covers)",By Brand & Model,"Isuzu (Isuzu Wheel Simulators,Isuzu Rim Liners,Isuzu Hubcaps,Isuzu Wheel Covers)","FRR (Isuzu FRR Wheel Simulators,Isuzu FRR Rim Liners,Isuzu FRR Hubcaps,Isuzu FRR Wheel Covers)"
"Wheel Simulators (Rim Liners,Hubcaps,Wheel Covers)",By Brand & Model,"Isuzu (Isuzu Wheel Simulators,Isuzu Rim Liners,Isuzu Hubcaps,Isuzu Wheel Covers)","FSR (Isuzu FSR Wheel Simulators,Isuzu FSR Rim Liners,Isuzu FSR Hubcaps,Isuzu FSR Wheel Covers)"
"Wheel Simulators (Rim Liners,Hubcaps,Wheel Covers)",By Brand & Model,"Isuzu (Isuzu Wheel Simulators,Isuzu Rim Liners,Isuzu Hubcaps,Isuzu Wheel Covers)","NPR (Isuzu NPR Wheel Simulators,Isuzu NPR Rim Liners,Isuzu NPR Hubcaps,Isuzu NPR Wheel Covers)"
"Wheel Simulators (Rim Liners,Hubcaps,Wheel Covers)",By Brand & Model,"Isuzu (Isuzu Wheel Simulators,Isuzu Rim Liners,Isuzu Hubcaps,Isuzu Wheel Covers)","NQR (Isuzu NQR Wheel Simulators,Isuzu NQR Rim Liners,Isuzu NQR Hubcaps,Isuzu NQR Wheel Covers)"
"Wheel Simulators (Rim Liners,Hubcaps,Wheel Covers)",By Brand & Model,"Isuzu (Isuzu Wheel Simulators,Isuzu Rim Liners,Isuzu Hubcaps,Isuzu Wheel Covers)","NRR (Isuzu NRR Wheel Simulators,Isuzu NRR Rim Liners,Isuzu NRR Hubcaps,Isuzu NRR Wheel Covers)"
"Wheel Simulators (Rim Liners,Hubcaps,Wheel Covers)",By Brand & Model,"Kenworth (Kenworth Wheel Simulators,Kenworth Rim Liners,Kenworth Hubcaps,Kenworth Wheel Covers)","Kenworth Truck (Kenworth Truck Wheel Simulators,Kenworth Rim Liners,Kenworth Hubcaps,Kenworth Wheel Covers)"
"Wheel Simulators (Rim Liners,Hubcaps,Wheel Covers)",By Brand & Model,"Kenworth (Kenworth Wheel Simulators,Kenworth Rim Liners,Kenworth Hubcaps,Kenworth Wheel Covers)","T270 (Kenworth T270 Wheel Simulators,Kenworth T270 Rim Liners,Kenworth T270 Hubcaps,Kenworth T270 Wheel Covers)"
"Wheel Simulators (Rim Liners,Hubcaps,Wheel Covers)",By Brand & Model,"Kenworth (Kenworth Wheel Simulators,Kenworth Rim Liners,Kenworth Hubcaps,Kenworth Wheel Covers)","T370 (Kenworth T370 Wheel Simulators,Kenworth T370 Rim Liners,Kenworth T370 Hubcaps,Kenworth T370 Wheel Covers)"
"Wheel Simulators (Rim Liners,Hubcaps,Wheel Covers)",By Brand & Model,"Mercedes Benz (Mercedes Benz Wheel Simulators,Mercedes Benz Rim Liners,Mercedes Benz Hubcaps,Mercedes Benz Wheel Covers)","Mercedes Sprinter Wheel Simulators (Mercedes Sprinter Rim Liners,Mercedes Sprinter Hubcaps,Mercedes Sprinter Wheel Covers)"
"Wheel Simulators (Rim Liners,Hubcaps,Wheel Covers)",By Brand & Model,"Mercedes Benz (Mercedes Benz Wheel Simulators,Mercedes Benz Rim Liners,Mercedes Benz Hubcaps,Mercedes Benz Wheel Covers)","Mercedes Van Wheel Simulators (Mercedes Van Rim Liners,Mercedes Van Hubcaps,Mercedes Van Wheel Covers)"
"Wheel Simulators (Rim Liners,Hubcaps,Wheel Covers)",By Brand & Model,"Mercedes Benz (Mercedes Benz Wheel Simulators,Mercedes Benz Rim Liners,Mercedes Benz Hubcaps,Mercedes Benz Wheel Covers)","Mercedes RV Wheel Simulators (Mercedes RV Rim Liners,Mercedes RV Hubcaps,Mercedes RV Wheel Covers)"
"Wheel Simulators (Rim Liners,Hubcaps,Wheel Covers)",By Brand & Model,"Mercedes Benz (Mercedes Benz Wheel Simulators,Mercedes Benz Rim Liners,Mercedes Benz Hubcaps,Mercedes Benz Wheel Covers)","Mercedes Motorhome Wheel Simulators (Mercedes Motorhome Rim Liners,Mercedes Motorhome Hubcaps,Mercedes Motorhome Wheel Covers)"
"Wheel Simulators (Rim Liners,Hubcaps,Wheel Covers)",By Brand & Model,"Mitsubishi (Mitsubishi Wheel Simulators,Mitsubishi Rim Liners,Mitsubishi Hubcaps,Mitsubishi Wheel Covers)","Mitsubishi Truck Wheel Simulators (Mitsubishi Truck Rim Liners,Mitsubishi Truck Hubcaps,Mitsubishi Truck Wheel Covers)"
"Wheel Simulators (Rim Liners,Hubcaps,Wheel Covers)",By Brand & Model,"Mitsubishi (Mitsubishi Wheel Simulators,Mitsubishi Rim Liners,Mitsubishi Hubcaps,Mitsubishi Wheel Covers)","Fuso (Mitsubishi Fuso Wheel Simulators,Mitsubishi Fuso Rim Liners,Mitsubishi Fuso Hubcaps,Mitsubishi Fuso Wheel Covers)"
"Wheel Simulators (Rim Liners,Hubcaps,Wheel Covers)",By Brand & Model,"Mitsubishi (Mitsubishi Wheel Simulators,Mitsubishi Rim Liners,Mitsubishi Hubcaps,Mitsubishi Wheel Covers)","FE140 (Mitsubishi FE140 Wheel Simulators,Mitsubishi FE140 Rim Liners,Mitsubishi FE140 Hubcaps,Mitsubishi FE140 Wheel Covers)"
"Wheel Simulators (Rim Liners,Hubcaps,Wheel Covers)",By Brand & Model,"Mitsubishi (Mitsubishi Wheel Simulators,Mitsubishi Rim Liners,Mitsubishi Hubcaps,Mitsubishi Wheel Covers)","FE145 (Mitsubishi FE145 Wheel Simulators,Mitsubishi FE145 Rim Liners,Mitsubishi FE145 Hubcaps,Mitsubishi FE145 Wheel Covers)"
"Wheel Simulators (Rim Liners,Hubcaps,Wheel Covers)",By Brand & Model,"Mitsubishi (Mitsubishi Wheel Simulators,Mitsubishi Rim Liners,Mitsubishi Hubcaps,Mitsubishi Wheel Covers)","FE180 (Mitsubishi FE180 Wheel Simulators,Mitsubishi FE180 Rim Liners,Mitsubishi FE180 Hubcaps,Mitsubishi FE180 Wheel Covers)"
"Wheel Simulators (Rim Liners,Hubcaps,Wheel Covers)",By Brand & Model,"Mack (Mack Wheel Simulators,Mack Rim Liners,Mack Hubcaps,Mack Wheel Covers)","Mack Truck Wheel Simulators (Mack Truck Rim Liners,Mack Truck Hubcaps,Mack Truck Wheel Covers)"
"Wheel Simulators (Rim Liners,Hubcaps,Wheel Covers)",By Brand & Model,"Mack (Mack Wheel Simulators,Mack Rim Liners,Mack Hubcaps,Mack Wheel Covers)","MD6 (Mack MD6 Wheel Simulators,Mack MD6 Rim Liners,Mack MD6 Hubcaps,Mack MD6 Wheel Covers)"
"Wheel Simulators (Rim Liners,Hubcaps,Wheel Covers)",By Brand & Model,"Workhorse (Workhorse Wheel Simulators,Workhorse Rim Liners,Workhorse Hubcaps,Workhorse Wheel Covers)","Workhorse Truck Wheel Simulators (Workhorse Truck Rim Liners,Workhorse Truck Hubcaps,Workhorse Truck Wheel Covers)"
"Wheel Simulators (Rim Liners,Hubcaps,Wheel Covers)",By Brand & Model,"Workhorse (Workhorse Wheel Simulators,Workhorse Rim Liners,Workhorse Hubcaps,Workhorse Wheel Covers)","Workhorse RV Wheel Simulators (Workhorse RV Rim Liners,Workhorse RV Hubcaps,Workhorse RV Wheel Covers)"
"Wheel Simulators (Rim Liners,Hubcaps,Wheel Covers)",By Brand & Model,"Workhorse (Workhorse Wheel Simulators,Workhorse Rim Liners,Workhorse Hubcaps,Workhorse Wheel Covers)","Workhorse Motorhome Wheel Simulators (Workhorse Motorhome Rim Liners,Workhorse Motorhome Hubcaps,Workhorse Motorhome Wheel Covers)"
"Wheel Simulators (Rim Liners,Hubcaps,Wheel Covers)",By Brand & Model,"Workhorse (Workhorse Wheel Simulators,Workhorse Rim Liners,Workhorse Hubcaps,Workhorse Wheel Covers)","P30 (Workhorse P30 Wheel Simulators,Workhorse P30 Rim Liners,Workhorse P30 Hubcaps,Workhorse P30 Wheel Covers)"
"Wheel Simulators (Rim Liners,Hubcaps,Wheel Covers)",By Brand & Model,"Workhorse (Workhorse Wheel Simulators,Workhorse Rim Liners,Workhorse Hubcaps,Workhorse Wheel Covers)","P32 (Workhorse P32 Wheel Simulators,Workhorse P32 Rim Liners,Workhorse P32 Hubcaps,Workhorse P32 Wheel Covers)"
"Wheel Simulators (Rim Liners,Hubcaps,Wheel Covers)",By Brand & Model,"Workhorse (Workhorse Wheel Simulators,Workhorse Rim Liners,Workhorse Hubcaps,Workhorse Wheel Covers)","P37 (Workhorse P37 Wheel Simulators,Workhorse P37 Rim Liners,Workhorse P37 Hubcaps,Workhorse P37 Wheel Covers)"
"Wheel Simulators (Rim Liners,Hubcaps,Wheel Covers)",By Brand & Model,"Workhorse (Workhorse Wheel Simulators,Workhorse Rim Liners,Workhorse Hubcaps,Workhorse Wheel Covers)","P42 (Workhorse P42 Wheel Simulators,Workhorse P42 Rim Liners,Workhorse P42 Hubcaps,Workhorse P42 Wheel Covers)"
"Wheel Simulators (Rim Liners,Hubcaps,Wheel Covers)",By Brand & Model,"Blue Bird (Blue Bird Wheel Simulators,Blue Bird Rim Liners,Blue Bird Hubcaps,Blue Bird Wheel Covers)","CE Series (Blue Bird CE Series Wheel Simulators,Blue Bird CE Series Rim Liners,Blue Bird CE Series Hubcaps,Blue Bird CE Series Wheel Covers)"
"Wheel Simulators (Rim Liners,Hubcaps,Wheel Covers)",By Brand & Model,"Blue Bird (Blue Bird Wheel Simulators,Blue Bird Rim Liners,Blue Bird Hubcaps,Blue Bird Wheel Covers)","Blue Bird Motorhomes Wheel Simulators (Blue Bird Motorhomes Rim Liners,Blue Bird Motorhomes Hubcaps,Blue Bird Motorhomes Wheel Covers)"
"Wheel Simulators (Rim Liners,Hubcaps,Wheel Covers)",By Brand & Model,"Blue Bird (Blue Bird Wheel Simulators,Blue Bird Rim Liners,Blue Bird Hubcaps,Blue Bird Wheel Covers)","Blue Bird RV Wheel Simulators (Blue Bird RV Rim Liners,Blue Bird RV Hubcaps,Blue Bird RV Wheel Covers)"
"Wheel Simulators (Rim Liners,Hubcaps,Wheel Covers)",By Brand & Model,"Blue Bird (Blue Bird Wheel Simulators,Blue Bird Rim Liners,Blue Bird Hubcaps,Blue Bird Wheel Covers)","Blue Bird Micro Bus Wheel Simulators (Blue Bird Micro Bus Rim Liners,Blue Bird Micro Bus Hubcaps,Blue Bird Micro Bus Wheel Covers)"
"Wheel Simulators (Rim Liners,Hubcaps,Wheel Covers)",By Brand & Model,"Peterbilt (Peterbilt Wheel Simulators,Peterbilt Rim Liners,Peterbilt Hubcaps,Peterbilt Wheel Covers)",
"Wheel Simulators (Rim Liners,Hubcaps,Wheel Covers)",By Brand & Model,"Nissan (Nissan Wheel Simulators,Nissan Rim Liners,Nissan Hubcaps,Nissan Wheel Covers)",
"Wheel Simulators (Rim Liners,Hubcaps,Wheel Covers)",By Brand & Model,"Oshkosh (Oshkosh Wheel Simulators,Oshkosh Rim Liners,Oshkosh Hubcaps,Oshkosh Wheel Covers)",
"Wheel Simulators (Rim Liners,Hubcaps,Wheel Covers)",By Wheel Size,"15″ (15″ Wheel Simulators,15″ Rim Liners,15″ Hubcaps,15″ Wheel Covers)",
"Wheel Simulators (Rim Liners,Hubcaps,Wheel Covers)",By Wheel Size,"16″ (16″ Wheel Simulators,16″ Rim Liners,16″ Hubcaps,16″ Wheel Covers)",
"Wheel Simulators (Rim Liners,Hubcaps,Wheel Covers)",By Wheel Size,"16.5″ (16.5″ Wheel Simulators,16.5″ Rim Liners,16.5″ Hubcaps,16.5″ Wheel Covers)",
"Wheel Simulators (Rim Liners,Hubcaps,Wheel Covers)",By Wheel Size,"17″ (17″ Wheel Simulators,17″ Rim Liners,17″ Hubcaps,17″ Wheel Covers)",
"Wheel Simulators (Rim Liners,Hubcaps,Wheel Covers)",By Wheel Size,"17.5″ (17.5″ Wheel Simulators,17.5″ Rim Liners,17.5″ Hubcaps,17.5″ Wheel Covers)",
"Wheel Simulators (Rim Liners,Hubcaps,Wheel Covers)",By Wheel Size,"19.5″ (19.5″ Wheel Simulators,19.5″ Rim Liners,19.5″ Hubcaps,19.5″ Wheel Covers)",
"Wheel Simulators (Rim Liners,Hubcaps,Wheel Covers)",By Wheel Size,"22.5″ (22.5″ Wheel Simulators,22.5″ Rim Liners,22.5″ Hubcaps,22.5″ Wheel Covers)",
"Wheel Simulators (Rim Liners,Hubcaps,Wheel Covers)",By Wheel Size,"24.5″ (24.5″ Wheel Simulators,24.5″ Rim Liners,24.5″ Hubcaps,24.5″ Wheel Covers)",
"Wheel Simulators (Rim Liners,Hubcaps,Wheel Covers)",By Lug/Hole Configuration,"5 Lug (5 Lug Wheel Simulators,5 Lug Rim Liners,5 Lug Hubcaps,5 Lug Wheel Covers)",
"Wheel Simulators (Rim Liners,Hubcaps,Wheel Covers)",By Lug/Hole Configuration,"5 Lug 5 Hole (5 Lug 5 Hole Wheel Simulators,5 Lug 5 Hole Rim Liners,5 Lug 5 Hole Hubcaps,5 Lug 5 Hole Wheel Covers)",
"Wheel Simulators (Rim Liners,Hubcaps,Wheel Covers)",By Lug/Hole Configuration,"6 Lug (6 Lug Wheel Simulators, Rim Liners,Hubcaps,Wheel Covers)",
"Wheel Simulators (Rim Liners,Hubcaps,Wheel Covers)",By Lug/Hole Configuration,"6 Lug 2 Hole (6 Lug 2 Hole Wheel Simulators,6 Lug 2 Hole Rim Liners,6 Lug 2 Hole Hubcaps,6 Lug 2 Hole Wheel Covers)",
"Wheel Simulators (Rim Liners,Hubcaps,Wheel Covers)",By Lug/Hole Configuration,"6 Lug 6 Hole (6 Lug 6 Hole Wheel Simulators,6 Lug 6 Hole Rim Liners,6 Lug 6 Hole Hubcaps,6 Lug 6 Hole Wheel Covers)",
"Wheel Simulators (Rim Liners,Hubcaps,Wheel Covers)",By Lug/Hole Configuration,"8 Lug (8 Lug Wheel Simulators,8 Lug Rim Liners,8 Lug Hubcaps,8 Lug Wheel Covers)",
"Wheel Simulators (Rim Liners,Hubcaps,Wheel Covers)",By Lug/Hole Configuration,"8 Lug 4 Hole (8 Lug 4 Hole Wheel Simulators,8 Lug 4 Hole Rim Liners,8 Lug 4 Hole Hubcaps,8 Lug 4 Hole Wheel Covers)",
"Wheel Simulators (Rim Liners,Hubcaps,Wheel Covers)",By Lug/Hole Configuration,"8 Lug 5 Hole (8 Lug 5 Hole Wheel Simulators,8 Lug 5 Hole Rim Liners,8 Lug 5 Hole Hubcaps,8 Lug 5 Hole Wheel Covers)",
"Wheel Simulators (Rim Liners,Hubcaps,Wheel Covers)",By Lug/Hole Configuration,"8 Lug 8 Hole (8 Lug 8 Hole Wheel Simulators,8 Lug 8 Hole Rim Liners,8 Lug 8 Hole Hubcaps,8 Lug 8 Hole Wheel Covers)",
"Wheel Simulators (Rim Liners,Hubcaps,Wheel Covers)",By Lug/Hole Configuration,"10 Lug (10 Lug Wheel Simulators,10 Lug Rim Liners,10 Lug Hubcaps,10 Lug Wheel Covers)",
"Wheel Simulators (Rim Liners,Hubcaps,Wheel Covers)",By Lug/Hole Configuration,"10 Lug 2 Hole (10 Lug 2 Hole Wheel Simulators,10 Lug 2 Hole Rim Liners,10 Lug 2 Hole Hubcaps,10 Lug 2 Hole Wheel Covers)",
"Wheel Simulators (Rim Liners,Hubcaps,Wheel Covers)",By Lug/Hole Configuration,"10 Lug 4 Hole (10 Lug 4 Hole Wheel Simulators,10 Lug 4 Hole Rim Liners,10 Lug 4 Hole Hubcaps,10 Lug 4 Hole Wheel Covers)",
"Wheel Simulators (Rim Liners,Hubcaps,Wheel Covers)",By Lug/Hole Configuration,"10 Lug 5 Hole (10 Lug 5 Hole Wheel Simulators,10 Lug 5 Hole Rim Liners,10 Lug 5 Hole Hubcaps,10 Lug 5 Hole Wheel Covers)",
"Wheel Simulators (Rim Liners,Hubcaps,Wheel Covers)",By Wheel Type,"Dually (Dually Wheel Simulators,Dually Rim Liners,Dually Hubcaps,Dually Wheel Covers)",
"Wheel Simulators (Rim Liners,Hubcaps,Wheel Covers)",By Wheel Type,"Dual Rear Wheel (Dual Rear Wheel Simulators,Dual Rear Rim Liners,Dual Rear Hubcaps,Dual Rear Wheel Covers)",
"Wheel Simulators (Rim Liners,Hubcaps,Wheel Covers)",By Wheel Type,"Single Front (Single Front Wheel Simulators,Single Front Rim Liners,Single Front Hubcaps,Single Front Wheel Covers)",
"Wheel Simulators (Rim Liners,Hubcaps,Wheel Covers)",By Wheel Type,"Single Rear (Single Rear Wheel Simulators,Single Rear Rim Liners,Single Rear Hubcaps,Single Rear Wheel Covers)",
"Wheel Simulators (Rim Liners,Hubcaps,Wheel Covers)",By Wheel Set Sizes,"Single (Single Wheel Simulators,Single Rim Liners,Single Hubcaps,Single Wheel Covers)",
"Wheel Simulators (Rim Liners,Hubcaps,Wheel Covers)",By Wheel Set Sizes,"Pair of 2 Wheel Simulators (Pair of 2 Rim Liners,Pair of 2 Hubcaps,Pair of 2 Wheel Covers)",
"Wheel Simulators (Rim Liners,Hubcaps,Wheel Covers)",By Wheel Set Sizes,"Set of 4 Wheel Simulators (Set of 4 Rim Liners,Set of 4 Hubcaps,Set of 4 Wheel Covers)",
"Wheel Simulators (Rim Liners,Hubcaps,Wheel Covers)",By Wheel Set Sizes,"Set of 6 Wheel Simulators (Set of 6 Rim Liners,Set of 6 Hubcaps,Set of 6 Wheel Covers)",
"Wheel Simulators (Rim Liners,Hubcaps,Wheel Covers)",By Fit Type,"Snap-On Wheel Simulators (Snap-On Rim Liners,Snap-On Hubcaps,Snap-On Wheel Covers)",
"Wheel Simulators (Rim Liners,Hubcaps,Wheel Covers)",By Fit Type,"Bolt-On Wheel Simulators (Bolt-On Rim Liners,Bolt-On Hubcaps,Bolt-On Wheel Covers)",
"Wheel Simulators (Rim Liners,Hubcaps,Wheel Covers)",By Fit Type,"Push-On Wheel Simulators (Push-On Rim Liners,Push-On Hubcaps,Push-On Wheel Covers)",
"Wheel Simulators (Rim Liners,Hubcaps,Wheel Covers)",By Fit Type,"Clip-On Wheel Simulators (Clip-On Rim Liners,Clip-On Hubcaps,Clip-On Wheel Covers)",
"Wheel Simulators (Rim Liners,Hubcaps,Wheel Covers)",By Fit Type,"Screw-On Wheel Simulators (Screw-On Rim Liners,Screw-On Hubcaps,Screw-On Wheel Covers)",
"Wheel Simulators (Rim Liners,Hubcaps,Wheel Covers)",By Fit Type,"Lug-Nut Mount Wheel Simulators (Lug-Nut Mount Rim Liners,Lug-Nut Mount Hubcaps,Lug-Nut Mount Wheel Covers)",
"Wheel Simulators (Rim Liners,Hubcaps,Wheel Covers)",By Fit Type,"Over-Lug Mount Wheel Simulators (Over-Lug Mount Rim Liners,Over-Lug Mount Hubcaps,Over-Lug Mount Wheel Covers)",
"Wheel Simulators (Rim Liners,Hubcaps,Wheel Covers)",By Fit Type,"Ring Mount Wheel Simulators (Ring Mount Rim Liners,Ring Mount Hubcaps,Ring Mount Wheel Covers)",
"Wheel Simulators (Rim Liners,Hubcaps,Wheel Covers)",By Material,"Stainless Steel Wheel Simulators (Stainless Steel Rim Liners,Stainless Steel Hubcaps,Stainless Steel Wheel Covers)",
"Wheel Simulators (Rim Liners,Hubcaps,Wheel Covers)",By Vehicle Type,"Truck Wheel Simulators (Truck Rim Liners,Truck Hubcaps,Truck Wheel Covers)",
"Wheel Simulators (Rim Liners,Hubcaps,Wheel Covers)",By Vehicle Type,"Semi Truck Wheel Simulators (Semi Truck Rim Liners,Semi Truck Hubcaps,Semi Truck Wheel Covers)",
"Wheel Simulators (Rim Liners,Hubcaps,Wheel Covers)",By Vehicle Type,"RV Wheel Simulators (RV Rim Liners,RV Hubcaps,RV Wheel Covers)",
"Wheel Simulators (Rim Liners,Hubcaps,Wheel Covers)",By Vehicle Type,"Motorhome Wheel Simulators (Motorhome Rim Liners,Motorhome Hubcaps,Motorhome Wheel Covers)",
"Wheel Simulators (Rim Liners,Hubcaps,Wheel Covers)",By Vehicle Type,"Bus Wheel Simulators (Bus Rim Liners,Bus Hubcaps,Bus Wheel Covers)",
"Wheel Simulators (Rim Liners,Hubcaps,Wheel Covers)",By Vehicle Type,"Transit Wheel Simulators (Transit Rim Liners,Transit Hubcaps,Transit Wheel Covers)",
"Wheel Simulators (Rim Liners,Hubcaps,Wheel Covers)",By Vehicle Type,"Van Wheel Simulators (Van Rim Liners,Van Hubcaps,Van Wheel Covers)",
"Wheel Simulators (Rim Liners,Hubcaps,Wheel Covers)",By Vehicle Type,"Step Van Wheel Simulators (Step Van Rim Liners,Step Van Hubcaps,Step Van Wheel Covers)",
"Wheel Simulators (Rim Liners,Hubcaps,Wheel Covers)",By Vehicle Type,"Trailer Wheel Simulators (Trailer Rim Liners,Trailer Hubcaps,Trailer Wheel Covers)",
"Wheel Simulators (Rim Liners,Hubcaps,Wheel Covers)",By Vehicle Type,"Ambulance Wheel Simulators (Ambulance Rim Liners,Ambulance Hubcaps,Ambulance Wheel Covers)",
"Wheel Simulators (Rim Liners,Hubcaps,Wheel Covers)",Ring Mount,"17.5″ Ring Mounts Wheel Simulators (17.5″ Ring Mounts Rim Liners,17.5″ Ring Mounts Hubcaps,17.5″ Ring Mounts Wheel Covers)",
"Wheel Simulators (Rim Liners,Hubcaps,Wheel Covers)",Ring Mount,"19.5″ Ring Mounts Wheel Simulators (19.5″ Ring Mounts Rim Liners,19.5″ Ring Mounts Hubcaps,19.5″ Ring Mounts Wheel Covers)",
"Wheel Simulators (Rim Liners,Hubcaps,Wheel Covers)",Ring Mount,"22.5″ Ring Mounts Wheel Simulators (22.5″ Ring Mounts Rim Liners,22.5″ Ring Mounts Hubcaps,22.5″ Ring Mounts Wheel Covers)",
"Wheel Simulators (Rim Liners,Hubcaps,Wheel Covers)",Dayton Spoke,"22.5"" Dayton Spokes Wheel Simulators (22.5″ Dayton Spokes Rim Liners,22.5″ Dayton Spokes Hubcaps,22.5″ Dayton Spokes Wheel Covers)",
"Wheel Simulators (Rim Liners,Hubcaps,Wheel Covers)",Dayton Spoke,"24.5"" Dayton Spokes Wheel Simulators (24.5"" Dayton Spokes Rim Liners,24.5"" Dayton Spokes Hubcaps,24.5"" Dayton Spokes Wheel Covers)",
Wheel Center Caps,15” Wheel Center Caps,,
Wheel Center Caps,"16"" Wheel Center Caps",,
Wheel Cover Parts,Attachment Nuts,,
Wheel Cover Parts,Stud Extenders,,
Wheel Cover Parts,Inner Cap Nuts,,
Seat Covers,Sheepskin Seat Covers,Genuine Sheepskin Covers,
Seat Covers,Sheepskin Seat Covers,Custom-Fit Sheepskin Covers,
Seat Covers,Sheepskin Seat Covers,Plush Sheepskin Wraps,
Seat Covers,Sheepskin Seat Covers,By Vehicle Type,Automobile Seat Covers
Seat Covers,Sheepskin Seat Covers,By Vehicle Type,RV Seat Covers
Seat Covers,Sheepskin Seat Covers,By Vehicle Type,Semi-Trucks Seat Covers
Seat Covers,Sheepskin Seat Covers,By Vehicle Type,Airplanes Seat Covers
Seat Covers,Coverking Seat Covers,By Vehicle Type,Automobile Seat Covers
Seat Covers,Coverking Seat Covers,By Vehicle Type,Pickup Trucks Seat Covers
Seat Covers,Coverking Seat Covers,By Vehicle Type,Van Seat Covers
Coverking Accessories,Car Covers,,
Coverking Accessories,Seat Covers,,
Coverking Accessories,Dash Covers,,
Coverking Accessories,Windshield Covers,,
Coverking Accessories,Floor Mats,,
Accessories & Hardware,Wheel Nuts,,
Accessories & Hardware,Wheel Studs,,
Accessories & Hardware,Air Valve Stems,,
Accessories & Hardware,Valve Stem Extensions,,
Accessories & Hardware,Mounting Kits for Simulators,,
Brands,Eagle Flight Wheel Simulators,,
Brands,Coverking Accessories,,